id;title;decision;role;format;objectif;representation_mentale;motif
R-B1-001;Cibler et organiser une prospection utile à la PME;surveiller;aucun ajout v3.6;processus;Lorsque la direction ou un commercial fixe une cible, un secteur, un produit à promouvoir ou un objectif de contacts à obtenir.;Un plan de prospection réaliste et un fichier de suivi permettant de savoir qui contacter, pourquoi, par quel canal, quand et avec quel résultat.;"La fiche suit une démarche. Un visuel peut être utile si les élèves ont besoin de voir l’ordre, les dépendances ou les points de décision ; à confirmer par l’usage en TP."
R-B1-002;Qualifier un fichier de prospects avant une action commerciale;conserver;aucun ajout v3.6;texte-structure;Avant une campagne, après l’import de données ou lorsqu’un fichier contient des doublons, informations anciennes ou contacts mal ciblés.;Un fichier nettoyé, dédupliqué et segmenté, avec un statut et une priorité exploitables dans le PGI ou le tableur.;"Aucun gain visuel évident identifié à ce stade ; la structure actuelle paraît plus directe que l’ajout d’un schéma."
R-B1-003;Détecter et analyser un appel d’offres avant de décider de répondre;surveiller;aucun ajout v3.6;processus;Dès qu’un appel d’offres public ou privé est repéré par veille, plateforme, réseau professionnel ou demande directe.;Une fiche go/no-go : objet, acheteur, échéance, périmètre, critères, pièces, contraintes, risques et recommandation à la direction.;"La fiche suit une démarche. Un visuel peut être utile si les élèves ont besoin de voir l’ordre, les dépendances ou les points de décision ; à confirmer par l’usage en TP."
R-B1-004;Constituer et contrôler un dossier de réponse à un marché public;surveiller;aucun ajout v3.6;processus;Après la décision de candidater, pour organiser la production du dossier jusqu’à la preuve de dépôt.;Un dossier complet, cohérent avec le règlement de consultation, déposé dans le délai, avec une trace des versions et de l’accusé de réception.;"La fiche suit une démarche. Un visuel peut être utile si les élèves ont besoin de voir l’ordre, les dépendances ou les points de décision ; à confirmer par l’usage en TP."
R-B1-005;Transformer une demande client en proposition commerciale ou devis;conserver;aucun ajout v3.6;texte-structure;Après une demande de prix, de prestation, de renouvellement ou une demande issue d’un commercial.;Un devis ou une proposition commerciale cohérente avec le besoin, les tarifs, les conditions de vente et les capacités de la PME.;"Aucun gain visuel évident identifié à ce stade ; la structure actuelle paraît plus directe que l’ajout d’un schéma."
R-B1-006;Contrôler une commande ou un contrat client avant validation;conserver;aucun ajout v3.6;texte-regle;Réception d’un bon de commande, d’un contrat ou d’un retour de devis signé.;Une commande contrôlée, enregistrée et, si nécessaire, une liste d’écarts à résoudre avant exécution.;"La précision des règles, conditions, pièces et contrôles prime ; un visuel supplémentaire risquerait de masquer les nuances."
R-B1-007;Suivre une vente et une livraison jusqu’à la preuve d’exécution;visuel ajouté v3.6;complement;timeline;Se représenter le cycle d’une vente jusqu’à la preuve d’exécution.;commande → préparation → expédition/prestation → livraison/réception → preuve → alerte si écart;Le visuel réduit l’effort nécessaire pour reconstruire mentalement une structure, un enchaînement, une relation ou une décision.
R-B1-008;Établir et contrôler une facture conforme;conserver;aucun ajout v3.6;texte-regle;Après livraison/réalisation ou à l’événement de facturation prévu par le contrat et la réglementation.;Une facture exacte, cohérente avec la commande et les preuves d’exécution, comportant les mentions applicables à la situation.;"La précision des règles, conditions, pièces et contrôles prime ; un visuel supplémentaire risquerait de masquer les nuances."
R-B1-009;Préparer la PME à la facturation électronique 2026–2027;surveiller;aucun ajout v3.6;processus;Diagnostic de préparation, choix ou paramétrage d’une plateforme agréée, fiabilisation des données clients/fournisseurs et tests de processus.;Une checklist de préparation : obligations applicables, plateforme, données de routage, processus réception/émission, rôles, tests, incidents et plan d’action.;"La fiche suit une démarche. Un visuel peut être utile si les élèves ont besoin de voir l’ordre, les dépendances ou les points de décision ; à confirmer par l’usage en TP."
R-B1-010;Suivre les règlements clients et conduire une relance amiable;surveiller;aucun ajout v3.6;processus;Suivi périodique de balance âgée, facture arrivée à échéance, promesse de paiement non tenue ou litige bloquant le règlement.;Un dossier de relance traçable : facture, échéance, montant, historique, cause du retard, action, engagement client, prochaine date et niveau d’alerte.;"La fiche suit une démarche. Un visuel peut être utile si les élèves ont besoin de voir l’ordre, les dépendances ou les points de décision ; à confirmer par l’usage en TP."
R-B1-011;Évaluer le risque client avant ou pendant la relation commerciale;surveiller;aucun ajout v3.6;processus;Nouveau client, commande importante, demande de délai inhabituel, hausse d’encours ou retards répétés.;Une évaluation argumentée du risque client avec indicateurs factuels, exposition, signaux d’alerte et proposition à valider.;"La fiche suit une démarche. Un visuel peut être utile si les élèves ont besoin de voir l’ordre, les dépendances ou les points de décision ; à confirmer par l’usage en TP."
R-B1-012;Fiabiliser et mettre à jour le système d’information clients;conserver;aucun ajout v3.6;texte-structure;Création d’un client, changement d’adresse, fusion de doublons, migration, retour de facture ou campagne de qualité des données.;Une fiche client fiable, avec données critiques contrôlées, source/date de mise à jour, historique conservé et éventuels écarts traités.;"Aucun gain visuel évident identifié à ce stade ; la structure actuelle paraît plus directe que l’ajout d’un schéma."
R-B1-013;Accueillir, informer et orienter un client de façon professionnelle;conserver;aucun ajout v3.6;texte-structure;Accueil physique, téléphone, messagerie, formulaire, réseau social ou demande transmise par un collègue.;Une demande qualifiée, une réponse adaptée ou une orientation vers le bon interlocuteur, avec une trace lorsque le suivi est nécessaire.;"Aucun gain visuel évident identifié à ce stade ; la structure actuelle paraît plus directe que l’ajout d’un schéma."
R-B1-014;Traiter et suivre une réclamation client jusqu’à sa clôture;surveiller;aucun ajout v3.6;processus;Toute réclamation reçue par téléphone, courriel, formulaire, réseau social ou intermédiaire.;Une fiche de réclamation complète : faits, attente, preuve, cause, responsabilité de traitement, solution validée, réponse client, délai et clôture.;"La fiche suit une démarche. Un visuel peut être utile si les élèves ont besoin de voir l’ordre, les dépendances ou les points de décision ; à confirmer par l’usage en TP."
R-B1-015;Formaliser un besoin d’achat ou d’investissement avant de consulter;conserver;aucun ajout v3.6;texte-structure;Achat nouveau, renouvellement, investissement, changement de fournisseur ou besoin exprimé par un service.;Un cahier des charges proportionné : besoin, quantité, usage, exigences, contraintes, critères de comparaison, budget indicatif et calendrier.;"Aucun gain visuel évident identifié à ce stade ; la structure actuelle paraît plus directe que l’ajout d’un schéma."
R-B1-016;Rechercher et présélectionner des fournisseurs;conserver;aucun ajout v3.6;texte-structure;Nouveau besoin, recherche d’alternative, mise en concurrence, dépendance excessive à un fournisseur.;Une short-list de fournisseurs avec coordonnées, capacités, preuves, conditions principales, source des informations et date de vérification.;"Aucun gain visuel évident identifié à ce stade ; la structure actuelle paraît plus directe que l’ajout d’un schéma."
R-B1-017;Comparer des offres fournisseurs et préparer une recommandation;conserver;aucun ajout v3.6;texte-regle;Après une consultation fournisseur ou pour renouveler une prestation/équipement.;Un tableau comparatif traçable et une recommandation présentant avantages, limites, risques et points à négocier.;"La précision des règles, conditions, pièces et contrôles prime ; un visuel supplémentaire risquerait de masquer les nuances."
R-B1-018;Préparer une négociation fournisseur;surveiller;aucun ajout v3.6;processus;Renouvellement de contrat, achat significatif, hausse tarifaire, incident répété ou négociation de conditions.;Un dossier préparatoire : objectifs, priorités, arguments, concessions possibles, points non négociables, solution de repli et preuves.;"La fiche suit une démarche. Un visuel peut être utile si les élèves ont besoin de voir l’ordre, les dépendances ou les points de décision ; à confirmer par l’usage en TP."
R-B1-019;Passer et suivre une commande fournisseur;visuel ajouté v3.6;complement;timeline;Voir la commande fournisseur comme un cycle de suivi et non un acte ponctuel.;besoin → commande → accusé → suivi → réception → écart;Le visuel réduit l’effort nécessaire pour reconstruire mentalement une structure, un enchaînement, une relation ou une décision.
R-B1-020;Contrôler un achat, une facture fournisseur et préparer le règlement;visuel ajouté v3.6;central;rapprochement;Comprendre que le paiement suppose la cohérence de plusieurs pièces.;commande ↔ réception ↔ facture → écart ou validation → règlement;Le visuel réduit l’effort nécessaire pour reconstruire mentalement une structure, un enchaînement, une relation ou une décision.
R-B1-021;Suivre les stocks et déclencher un réapprovisionnement;surveiller;aucun ajout v3.6;processus;Suivi périodique des articles, alerte de stock, préparation d’une commande ou analyse d’une rupture.;Un état de stock fiable avec besoin de réapprovisionnement justifié, quantité proposée et date de commande.;"La fiche suit une démarche. Un visuel peut être utile si les élèves ont besoin de voir l’ordre, les dépendances ou les points de décision ; à confirmer par l’usage en TP."
R-B1-022;Préparer l’acquisition et le suivi administratif d’une immobilisation;surveiller;aucun ajout v3.6;processus;Achat de matériel, véhicule, équipement ou autre actif traité comme immobilisation selon les choix de l’entité.;Un dossier d’acquisition complet : autorisation, fournisseur, commande, réception, facture, mise en service, localisation, garanties et données transmises au suivi comptable.;"La fiche suit une démarche. Un visuel peut être utile si les élèves ont besoin de voir l’ordre, les dépendances ou les points de décision ; à confirmer par l’usage en TP."
R-B1-023;Évaluer la performance d’un fournisseur et préparer des actions;visuel ajouté v3.6;complement;scorecard;Se représenter l’évaluation fournisseur comme plusieurs dimensions observables, pas une note globale arbitraire.;qualité + délai + coût + service + risque → preuves → appréciation;Le visuel réduit l’effort nécessaire pour reconstruire mentalement une structure, un enchaînement, une relation ou une décision.
R-B1-024;Contrôler l’enregistrement comptable d’une opération commerciale;surveiller;aucun ajout v3.6;processus;Contrôle d’un journal achats/ventes/banque, recherche d’un écart ou préparation d’une clôture périodique.;Une liste de contrôles effectués et, s’il existe des anomalies, une proposition de correction ou une alerte documentée.;"La fiche suit une démarche. Un visuel peut être utile si les élèves ont besoin de voir l’ordre, les dépendances ou les points de décision ; à confirmer par l’usage en TP."
R-B1-025;Réaliser et contrôler un rapprochement bancaire;visuel ajouté v3.6;central;pont;Comprendre le rapprochement bancaire comme la mise en cohérence de deux visions d’un même flux.;comptabilité + relevé bancaire → éléments non pointés → rapprochement → soldes expliqués;Le visuel réduit l’effort nécessaire pour reconstruire mentalement une structure, un enchaînement, une relation ou une décision.
R-B1-026;Suivre les comptes clients et fournisseurs avec une balance âgée;surveiller;aucun ajout v3.6;processus;Suivi périodique des tiers, clôture mensuelle, relance clients, contrôle fournisseurs.;Une balance âgée ou un état de comptes tiers nettoyé : échéances, lettrage, litiges, avoirs, retards et actions.;"La fiche suit une démarche. Un visuel peut être utile si les élèves ont besoin de voir l’ordre, les dépendances ou les points de décision ; à confirmer par l’usage en TP."
R-B1-027;Préparer et contrôler une déclaration de TVA à partir du PGI;conserver;aucun ajout v3.6;texte-regle;Avant une échéance de TVA ou lors d’un contrôle d’écart entre comptabilité et déclaration.;Un dossier de préparation : période, régime, bases, TVA collectée/déductible, contrôles, anomalies, déclaration préparée et éléments à faire valider.;"La précision des règles, conditions, pièces et contrôles prime ; un visuel supplémentaire risquerait de masquer les nuances."
R-B1-028;Repérer et suivre les risques liés à un échange international;surveiller;aucun ajout v3.6;processus;Préparation ou suivi d’une opération d’import/export, d’une facture en devise, d’un paiement international ou d’un contrat comportant des modalités documentaires.;Une fiche de risques : devise, paiement, délai, documents, transport/contrat, contrepartie, exposition et mesures proposées à la direction.;"La fiche suit une démarche. Un visuel peut être utile si les élèves ont besoin de voir l’ordre, les dépendances ou les points de décision ; à confirmer par l’usage en TP."
R-B1-029;Préparer une action de communication pour développer la relation client;surveiller;aucun ajout v3.6;processus;Après une vente, avant un renouvellement, pour informer d’un nouveau service, réactiver des clients ou maintenir une relation régulière.;Une action ciblée avec objectif, destinataires, message, canal, calendrier, règles de suivi et indicateurs simples.;"La fiche suit une démarche. Un visuel peut être utile si les élèves ont besoin de voir l’ordre, les dépendances ou les points de décision ; à confirmer par l’usage en TP."
R-B1-030;Traiter une anomalie de livraison avant qu’elle ne devienne une réclamation;surveiller;aucun ajout v3.6;processus;Dès qu’un écart apparaît entre commande, préparation, expédition, livraison ou information du client.;Un diagnostic de l’écart, une information client cohérente, une action de correction tracée et une mise à jour du suivi de vente.;"La fiche suit une démarche. Un visuel peut être utile si les élèves ont besoin de voir l’ordre, les dépendances ou les points de décision ; à confirmer par l’usage en TP."
R-B1-031;Corriger une facture et préparer un avoir sans perdre la traçabilité;surveiller;aucun ajout v3.6;processus;Après détection d’une erreur interne, un retour, une annulation partielle ou une contestation justifiée du client.;Une correction documentée reliant facture initiale, motif, pièce corrective et mise à jour du compte client.;"La fiche suit une démarche. Un visuel peut être utile si les élèves ont besoin de voir l’ordre, les dépendances ou les points de décision ; à confirmer par l’usage en TP."
R-B1-032;Fiabiliser le système d’information fournisseurs après une recherche ou une évaluation;conserver;aucun ajout v3.6;texte-structure;Après référencement d’un nouveau fournisseur, modification de coordonnées/conditions, évaluation périodique ou détection d’un doublon.;Une fiche fournisseur fiable, datée, sans doublon, avec les informations utiles au processus d’achat et leur source.;"Aucun gain visuel évident identifié à ce stade ; la structure actuelle paraît plus directe que l’ajout d’un schéma."
R-B2-001;Évaluer et hiérarchiser les risques d’une PME;visuel ajouté v3.6;central;processus;Se représenter l’analyse des risques comme une démarche ordonnée.;identifier → évaluer → comparer → prioriser → traiter → suivre;Le visuel réduit l’effort nécessaire pour reconstruire mentalement une structure, un enchaînement, une relation ou une décision.
R-B2-002;Construire une matrice de criticité;visuel ajouté v3.6;central;matrice;Voir immédiatement comment deux dimensions se croisent pour hiérarchiser.;gravité × probabilité → position dans une matrice → priorité à interpréter;Le visuel réduit l’effort nécessaire pour reconstruire mentalement une structure, un enchaînement, une relation ou une décision.
R-B2-003;Contribuer à la mise à jour du DUERP;conserver;aucun ajout v3.6;texte-structure;Lorsqu’une PME doit évaluer ou réévaluer les risques professionnels d’une unité de travail, après une évolution importante des conditions de travail, lorsqu’une nouvelle information sur un risque apparaît, ou dans le cadre de la mise à jour périodique du document unique.;Une analyse traçable d’une unité de travail : situations observées, dangers, personnes exposées, risques évalués, mesures existantes et propositions de prévention, prête à être examinée et validée par le responsable.;"Aucun gain visuel évident identifié à ce stade ; la structure actuelle paraît plus directe que l’ajout d’un schéma."
R-B2-004;Veille — décider quoi surveiller et construire un dispositif utile à la PME;visuel ajouté v3.6;central;processus;Comprendre comment un risque ou un besoin d’information devient un dispositif de veille.;risque/besoin → information à surveiller → source → fréquence → alerte → destinataire → preuve;Le visuel réduit l’effort nécessaire pour reconstruire mentalement une structure, un enchaînement, une relation ou une décision.
R-B2-005;Qualifier une source et une information;visuel ajouté v3.6;complement;decision;Éviter de confondre résultat trouvé et source exploitable.;source trouvée → auteur/date/compétence → corroboration → usage possible;Le visuel réduit l’effort nécessaire pour reconstruire mentalement une structure, un enchaînement, une relation ou une décision.
R-B2-006;Transformer une veille en synthèse et en alerte actionnable;conserver;aucun ajout v3.6;texte-structure;Quand une évolution détectée peut créer un risque, une opportunité ou nécessiter une modification de procédure.;Une synthèse courte, sourcée et orientée décision, avec éventuellement une alerte et une proposition de mise à jour de pratique.;"Aucun gain visuel évident identifié à ce stade ; la structure actuelle paraît plus directe que l’ajout d’un schéma."
R-B2-007;Cadrer un projet avant de le lancer;conserver;aucun ajout v3.6;texte-structure;Avant la planification, dès qu’un projet implique plusieurs acteurs, des contraintes, un résultat à livrer ou une modification de l’organisation.;Une note de cadrage validable : besoin, objectifs, périmètre, livrables, acteurs, contraintes, critères de réussite et risques principaux.;"Aucun gain visuel évident identifié à ce stade ; la structure actuelle paraît plus directe que l’ajout d’un schéma."
R-B2-008;Construire un cahier des charges et planifier les tâches;visuel ajouté v3.6;central;gantt;Se représenter un projet comme des tâches ordonnées dans le temps avec dépendances.;tâches → durée → dépendances → jalons → responsables;Le visuel réduit l’effort nécessaire pour reconstruire mentalement une structure, un enchaînement, une relation ou une décision.
R-B2-009;Préparer et conduire une réunion de projet;surveiller;aucun ajout v3.6;processus;Réunion de lancement, point d’avancement, arbitrage, réception ou retour d’expérience.;Une réunion préparée, conduite dans le temps prévu et conclue par un relevé de décisions avec actions, responsables et échéances.;"La fiche suit une démarche. Un visuel peut être utile si les élèves ont besoin de voir l’ordre, les dépendances ou les points de décision ; à confirmer par l’usage en TP."
R-B2-010;Suivre un projet et traiter les écarts;surveiller;aucun ajout v3.6;processus;Pendant toute la réalisation et lors des bilans d’étape.;Un tableau de suivi à jour, des écarts expliqués, des actions correctives proposées et des décisions tracées.;"La fiche suit une démarche. Un visuel peut être utile si les élèves ont besoin de voir l’ordre, les dépendances ou les points de décision ; à confirmer par l’usage en TP."
R-B2-011;Identifier et formuler les risques d’une PME;visuel ajouté v3.6;central;chaine-causale;Passer d’un constat d’activité à un risque formulé sans confondre cause, événement et conséquence.;activité → dépendance/vulnérabilité → événement redouté → conséquence → preuve;Le visuel réduit l’effort nécessaire pour reconstruire mentalement une structure, un enchaînement, une relation ou une décision.
R-B2-012;Identifier les obligations applicables à un risque;conserver;aucun ajout v3.6;texte-structure;Avant de conclure qu’une pratique est conforme ou non conforme, ou avant de proposer une action corrective.;Un registre des exigences : source, champ d’application, exigence, preuve attendue, responsable, échéance et état de conformité.;"Aucun gain visuel évident identifié à ce stade ; la structure actuelle paraît plus directe que l’ajout d’un schéma."
R-B2-013;Construire et suivre un plan de traitement des risques;visuel ajouté v3.6;central;boucle;Comprendre qu’un plan de traitement lie risque, action, responsable, délai et preuve d’efficacité.;risque prioritaire → action → responsable/délai → preuve → contrôle → ajustement;Le visuel réduit l’effort nécessaire pour reconstruire mentalement une structure, un enchaînement, une relation ou une décision.
R-B2-014;Construire et contrôler un budget de trésorerie;surveiller;aucun ajout v3.6;calcul-tableau;À partir d’échéanciers clients/fournisseurs, prévisions de ventes et d’achats, documents bancaires, investissements et autres flux prévus.;Un budget de trésorerie exact, contrôlé et commenté, permettant d’identifier les périodes de tension.;Un schéma ou une formule peut aider, mais seulement s’il clarifie le mécanisme sans remplacer les calculs et contrôles.
R-B2-015;Diagnostiquer une tension de trésorerie et préparer des solutions;surveiller;aucun ajout v3.6;calcul-tableau;Après construction du budget de trésorerie ou lors d’un incident affectant les flux.;Un diagnostic chiffré, une alerte proportionnée et plusieurs solutions comparées avant décision de la direction.;Un schéma ou une formule peut aider, mais seulement s’il clarifie le mécanisme sans remplacer les calculs et contrôles.
R-B2-016;Analyser la couverture d’assurance d’un risque;surveiller;aucun ajout v3.6;processus;Analyse d’une police, préparation d’un renouvellement, après un sinistre ou lors de l’apparition d’un nouveau risque.;Un tableau reliant les risques de la PME aux garanties, exclusions, franchises, plafonds, obligations et éventuels écarts de couverture.;"La fiche suit une démarche. Un visuel peut être utile si les élèves ont besoin de voir l’ordre, les dépendances ou les points de décision ; à confirmer par l’usage en TP."
R-B2-017;Choisir une protection adaptée pour un actif de propriété intellectuelle;conserver;aucun ajout v3.6;texte-structure;Avant un lancement, un dépôt, une communication publique, un contrat de licence ou lorsqu’un droit arrive à échéance.;Une fiche de protection précisant l’actif, le titulaire, le droit potentiellement adapté, le territoire, les vérifications à mener, les échéances et la décision à faire valider.;"Aucun gain visuel évident identifié à ce stade ; la structure actuelle paraît plus directe que l’ajout d’un schéma."
R-B2-018;Vérifier la conformité d’un traitement de données personnelles;visuel ajouté v3.6;complement;decision;Se représenter un contrôle RGPD comme une suite de questions, tout en conservant le texte réglementaire.;traitement → finalité/base → données/minimisation → droits/sécurité → preuve;Le visuel réduit l’effort nécessaire pour reconstruire mentalement une structure, un enchaînement, une relation ou une décision.
R-B2-019;Réagir à une violation de données personnelles;visuel ajouté v3.6;central;timeline-decision;Donner une chronologie mentale d’un incident de données et distinguer faits, décision de notification et suivi.;alerter → chronologie → contenir → documenter → évaluer → notifier si requis → corriger;Le visuel réduit l’effort nécessaire pour reconstruire mentalement une structure, un enchaînement, une relation ou une décision.
R-B2-020;Identifier et réduire les risques environnementaux d’une PME;conserver;aucun ajout v3.6;texte-structure;Diagnostic environnemental, évolution réglementaire, hausse de consommation, changement de prestataire déchets ou incident environnemental.;Une analyse reliant activité, aspect environnemental, conséquence, exigence éventuelle, mesure existante, indicateur et action proposée.;"Aucun gain visuel évident identifié à ce stade ; la structure actuelle paraît plus directe que l’ajout d’un schéma."
R-B2-021;Évaluer les risques informatiques d’une PME et préparer des mesures;surveiller;aucun ajout v3.6;processus;Après un incident, avant un projet informatique, lors d’un audit ou à la demande de la direction.;Un registre des risques informatiques priorisés, avec actifs critiques, menaces, vulnérabilités, mesures existantes et recommandations à discuter avec le prestataire.;"La fiche suit une démarche. Un visuel peut être utile si les élèves ont besoin de voir l’ordre, les dépendances ou les points de décision ; à confirmer par l’usage en TP."
R-B2-022;Organiser les sauvegardes et tester la restauration;surveiller;aucun ajout v3.6;processus;Diagnostic informatique, modification du système, changement de prestataire, après un incident ou lors d’un contrôle périodique.;Un plan de sauvegarde documenté et un procès-verbal de test de restauration indiquant données, fréquence, support, accès, localisation, test, résultat et actions correctives.;"La fiche suit une démarche. Un visuel peut être utile si les élèves ont besoin de voir l’ordre, les dépendances ou les points de décision ; à confirmer par l’usage en TP."
R-B2-023;Contrôler les habilitations et les droits d’accès;surveiller;aucun ajout v3.6;processus;Arrivée, changement de poste, départ, audit, incident ou revue périodique des comptes.;Une matrice d’habilitations contrôlée, avec comptes, rôles, applications, droits attendus, droits constatés, écarts et actions à faire valider.;"La fiche suit une démarche. Un visuel peut être utile si les élèves ont besoin de voir l’ordre, les dépendances ou les points de décision ; à confirmer par l’usage en TP."
R-B2-024;Diagnostiquer un dysfonctionnement qualité et rechercher ses causes;visuel ajouté v3.6;central;causes;Comprendre que les outils qualité servent à passer du symptôme aux causes vérifiées.;problème mesuré → familles de causes → hypothèses → vérification → cause racine;Le visuel réduit l’effort nécessaire pour reconstruire mentalement une structure, un enchaînement, une relation ou une décision.
R-B2-025;Formaliser, diffuser et améliorer une procédure;visuel ajouté v3.6;central;flowchart;Voir une procédure comme une séquence d’actions, décisions, rôles et preuves.;déclencheur → action → décision → responsable → preuve → fin;Le visuel réduit l’effort nécessaire pour reconstruire mentalement une structure, un enchaînement, une relation ou une décision.
R-B2-026;Organiser le partage et la conservation des connaissances utiles;visuel ajouté v3.6;central;cycle;Comprendre la gestion des connaissances comme un cycle et non comme un simple stockage de fichiers.;identifier → formaliser → stocker → partager → réutiliser → mettre à jour;Le visuel réduit l’effort nécessaire pour reconstruire mentalement une structure, un enchaînement, une relation ou une décision.
R-B2-027;Préparer une veille et un dossier de certification;conserver;aucun ajout v3.6;texte-regle;Étude d’opportunité, préparation d’audit, renouvellement ou évolution d’une certification.;Un dossier de suivi indiquant référentiel applicable, version, champ, exigences à préparer, preuves, acteurs, échéances, écarts et actions.;"La précision des règles, conditions, pièces et contrôles prime ; un visuel supplémentaire risquerait de masquer les nuances."
R-B2-028;Transformer une information de veille en mise à jour de pratique ou de procédure;conserver;aucun ajout v3.6;texte-structure;Après validation d’une information réglementaire, technique, commerciale ou organisationnelle ayant un impact sur une pratique existante.;Une fiche d’impact et une proposition de mise à jour précisant ce qui change, pour qui, à partir de quand, dans quels documents et avec quel contrôle.;"Aucun gain visuel évident identifié à ce stade ; la structure actuelle paraît plus directe que l’ajout d’un schéma."
R-B2-029;Suivre une action corrective et vérifier qu’elle réduit réellement le risque;surveiller;aucun ajout v3.6;processus;Dès qu’un plan de traitement est accepté : prévention, procédure, équipement, formation, transfert ou autre action.;Un suivi documenté avec responsable, échéance, preuve de réalisation, indicateur d’efficacité et réévaluation du risque résiduel.;"La fiche suit une démarche. Un visuel peut être utile si les élèves ont besoin de voir l’ordre, les dépendances ou les points de décision ; à confirmer par l’usage en TP."
R-B2-030;Préparer et suivre un dossier de sinistre auprès de l’assureur;surveiller;aucun ajout v3.6;processus;Vol, dégât des eaux, dommage matériel, accident ou autre événement susceptible d’être couvert par un contrat de la PME.;Un dossier chronologique avec faits, pièces, contrat concerné, échanges, échéances, coûts et état de suivi.;"La fiche suit une démarche. Un visuel peut être utile si les élèves ont besoin de voir l’ordre, les dépendances ou les points de décision ; à confirmer par l’usage en TP."
R-B2-031;Organiser le suivi administratif d’une démarche de certification;conserver;aucun ajout v3.6;texte-regle;Préparation d’un audit, renouvellement, suivi d’écarts ou constitution du dossier de certification.;Un plan de suivi avec exigences, responsables, preuves attendues, échéances, état d’avancement et anomalies à traiter.;"La précision des règles, conditions, pièces et contrôles prime ; un visuel supplémentaire risquerait de masquer les nuances."
R-B3-001;Identifier la règle sociale applicable avant d’agir;conserver;aucun ajout v3.6;texte-regle;Avant une embauche, un congé, une absence, une paie, une élection, une rupture ou toute réponse à un salarié lorsque la règle applicable n’est pas certaine.;Une réponse sourcée indiquant la règle applicable, son champ, la date de vérification, les éventuelles dispositions conventionnelles et le point qui doit être validé.;"La précision des règles, conditions, pièces et contrôles prime ; un visuel supplémentaire risquerait de masquer les nuances."
R-B3-002;Préparer l’embauche d’un salarié sans oublier les formalités obligatoires;visuel ajouté v3.6;complement;timeline;Se représenter l’embauche comme une succession de formalités et contrôles.;besoin/validation → données candidat → formalités → contrat → accueil/dossier;Le visuel réduit l’effort nécessaire pour reconstruire mentalement une structure, un enchaînement, une relation ou une décision.
R-B3-003;Contrôler un contrat de travail avant signature;conserver;aucun ajout v3.6;texte-regle;Avant signature d’un CDI, CDD, temps partiel ou avenant préparé à partir d’un modèle.;Une grille de contrôle signalant les mentions présentes, les incohérences, les données manquantes et les clauses à faire valider.;"La précision des règles, conditions, pièces et contrôles prime ; un visuel supplémentaire risquerait de masquer les nuances."
R-B3-004;Préparer le départ d’un salarié et contrôler les documents de fin de contrat;conserver;aucun ajout v3.6;texte-regle;Fin de CDD, démission, rupture conventionnelle, licenciement ou autre fin de relation de travail déjà décidée et sécurisée par la personne compétente.;Un dossier de sortie complet : dates contrôlées, variables de paie, documents de fin de contrat, signalements nécessaires, restitution des biens, suppression des accès et archivage.;"La précision des règles, conditions, pièces et contrôles prime ; un visuel supplémentaire risquerait de masquer les nuances."
R-B3-005;Organiser un dossier du personnel conforme et exploitable;surveiller;aucun ajout v3.6;processus;Création d’un dossier d’embauche, audit de dossiers existants, départ d’un salarié ou migration vers un dossier numérique.;Une arborescence RH claire, une matrice des droits d’accès et un tableau de conservation indiquant pour chaque famille de documents la durée et le sort en fin de période.;"La fiche suit une démarche. Un visuel peut être utile si les élèves ont besoin de voir l’ordre, les dépendances ou les points de décision ; à confirmer par l’usage en TP."
R-B3-006;Suivre le temps de travail et repérer les anomalies;surveiller;aucun ajout v3.6;processus;Contrôle hebdomadaire ou mensuel des relevés d’heures, planning, badgeuse, feuilles de temps ou logiciel RH.;Un état contrôlé du temps de travail par salarié, avec anomalies, justificatifs manquants, écarts à corriger et variables à transmettre à la paie.;"La fiche suit une démarche. Un visuel peut être utile si les élèves ont besoin de voir l’ordre, les dépendances ou les points de décision ; à confirmer par l’usage en TP."
R-B3-007;Gérer les congés et absences sans fausser les droits du salarié;conserver;aucun ajout v3.6;texte-regle;Congés payés, arrêt maladie, événement familial ou autre absence prévue par la loi, la convention collective ou l’entreprise.;Une fiche d’absence indiquant le motif administratif, les dates, le justificatif attendu, l’effet sur le compteur et la paie, les formalités à réaliser et la règle vérifiée.;"La précision des règles, conditions, pièces et contrôles prime ; un visuel supplémentaire risquerait de masquer les nuances."
R-B3-008;Collecter et fiabiliser les variables de paie;conserver;aucun ajout v3.6;texte-structure;Chaque cycle de paie : nouveaux salariés, temps de travail, absences, primes, avantages, frais, acomptes, départs et régularisations.;Un tableau de variables de paie complet, daté, justifié et validé, prêt à être saisi dans le logiciel ou transmis au prestataire.;"Aucun gain visuel évident identifié à ce stade ; la structure actuelle paraît plus directe que l’ajout d’un schéma."
R-B3-009;Contrôler un bulletin de paie avant validation;surveiller;aucun ajout v3.6;processus;Contrôle d’un bulletin généré par le PGI, le logiciel de paie ou le prestataire.;Une grille de contrôle avec données d’identité, contrat, temps, rémunération, cotisations, net social, net à payer, prélèvement à la source et variations expliquées.;"La fiche suit une démarche. Un visuel peut être utile si les élèves ont besoin de voir l’ordre, les dépendances ou les points de décision ; à confirmer par l’usage en TP."
R-B3-010;Préparer, transmettre et contrôler une DSN;conserver;aucun ajout v3.6;texte-regle;Après clôture de la paie mensuelle ou lors d’un événement nécessitant un signalement, notamment arrêt de travail ou fin de contrat.;Une DSN transmise dans le délai, avec preuve de dépôt, comptes rendus contrôlés, anomalies traitées et corrections tracées.;"La précision des règles, conditions, pièces et contrôles prime ; un visuel supplémentaire risquerait de masquer les nuances."
R-B3-011;Organiser les élections du CSE sous la responsabilité de la direction;visuel ajouté v3.6;complement;timeline;Se représenter l’élection du CSE comme un rétroplanning à sécuriser juridiquement.;vérifier obligation/échéance → rétroplanning → listes/communications → protocole → scrutin → PV/formalités;Le visuel réduit l’effort nécessaire pour reconstruire mentalement une structure, un enchaînement, une relation ou une décision.
R-B3-012;Communiquer une information sociale en respectant la confidentialité;conserver;aucun ajout v3.6;texte-structure;Demande d’un manager, d’un salarié, d’un organisme, du comptable ou d’un prestataire portant sur une information RH.;Une réponse utile, exacte, adressée au bon destinataire, avec uniquement les données nécessaires et une trace de la transmission.;"Aucun gain visuel évident identifié à ce stade ; la structure actuelle paraît plus directe que l’ajout d’un schéma."
R-B3-013;Formaliser un besoin de recrutement et construire une fiche de poste;conserver;aucun ajout v3.6;texte-structure;Création de poste, remplacement, évolution d’activité ou besoin de compétence identifié par la direction.;Une fiche de poste et un profil de recrutement distinguant missions, activités, responsabilités, relations, contraintes, compétences nécessaires et critères de sélection.;"Aucun gain visuel évident identifié à ce stade ; la structure actuelle paraît plus directe que l’ajout d’un schéma."
R-B3-014;Rédiger et publier une offre d’emploi non discriminatoire;conserver;aucun ajout v3.6;texte-gabarit;Avant publication sur France Travail, un site d’emploi, le site de la PME, un réseau social ou un support professionnel.;Une annonce comprenant les missions, compétences, conditions essentielles et modalités de candidature, sans critère discriminatoire ni promesse non validée.;"La représentation utile est surtout la forme du livrable ; les gabarits et exemples de production existants apportent plus qu’un schéma supplémentaire."
R-B3-015;Présélectionner des candidatures avec une grille objective;conserver;aucun ajout v3.6;texte-structure;Après clôture ou pendant une campagne de recrutement, à partir d’une fiche de poste validée.;Une grille multicritère documentée, un classement argumenté et une traçabilité des décisions sans données ou commentaires discriminatoires.;"Aucun gain visuel évident identifié à ce stade ; la structure actuelle paraît plus directe que l’ajout d’un schéma."
R-B3-016;Préparer un entretien de recrutement structuré et comparable;surveiller;aucun ajout v3.6;processus;Avant les entretiens de recrutement, à partir des critères de la fiche de poste et de la présélection.;Un guide d’entretien avec questions communes, relances, critères d’évaluation, prise de notes et synthèse finale.;"La fiche suit une démarche. Un visuel peut être utile si les élèves ont besoin de voir l’ordre, les dépendances ou les points de décision ; à confirmer par l’usage en TP."
R-B3-017;Organiser l’intégration d’un nouveau salarié;visuel ajouté v3.6;central;parcours;Voir l’intégration comme un parcours dans le temps et non une journée d’accueil isolée.;avant arrivée → jour J → première semaine → premiers points → ajustement;Le visuel réduit l’effort nécessaire pour reconstruire mentalement une structure, un enchaînement, une relation ou une décision.
R-B3-018;Recenser les besoins en compétences et en formation;conserver;aucun ajout v3.6;texte-structure;Préparation du plan de développement des compétences, évolution d’un outil, changement réglementaire, dysfonctionnement récurrent ou remontées des salariés/managers.;Une matrice besoins-compétences priorisée indiquant écart observé, population concernée, résultat attendu, urgence, solution possible et mode d’évaluation.;"Aucun gain visuel évident identifié à ce stade ; la structure actuelle paraît plus directe que l’ajout d’un schéma."
R-B3-019;Comparer des formations et préparer leur financement;surveiller;aucun ajout v3.6;calcul-tableau;Choix d’un organisme, d’une modalité de formation ou préparation d’une demande de prise en charge.;Un tableau comparatif indiquant objectif, programme, durée, modalité, qualité, coût pédagogique, temps mobilisé, frais annexes, financement potentiel et critères de réussite.;Un schéma ou une formule peut aider, mais seulement s’il clarifie le mécanisme sans remplacer les calculs et contrôles.
R-B3-020;Planifier et suivre une action de formation jusqu’à son évaluation;surveiller;aucun ajout v3.6;processus;Formation interne ou externe, présentielle, à distance ou en situation de travail.;Un dossier de formation complet : convocation, planning, financement, preuve de réalisation, évaluation à chaud et contrôle du transfert en situation de travail.;"La fiche suit une démarche. Un visuel peut être utile si les élèves ont besoin de voir l’ordre, les dépendances ou les points de décision ; à confirmer par l’usage en TP."
R-B3-021;Préparer un entretien annuel d’évaluation avec des critères professionnels;surveiller;aucun ajout v3.6;processus;Cycle annuel ou périodique d’évaluation du travail, hors entretien de parcours professionnel.;Une grille préparée avec objectifs, résultats, compétences, faits observables, difficultés, besoins d’appui et propositions, prête à être utilisée par le responsable.;"La fiche suit une démarche. Un visuel peut être utile si les élèves ont besoin de voir l’ordre, les dépendances ou les points de décision ; à confirmer par l’usage en TP."
R-B3-022;Préparer l’entretien de parcours professionnel (EPP) selon les règles 2026;surveiller;aucun ajout v3.6;processus;Première année après embauche, cycle périodique, retour de certains congés ou situations particulières, ou préparation de l’état des lieux du parcours.;Un calendrier EPP à jour, une trame d’entretien, un document de synthèse remis au salarié et un suivi des actions décidées.;"La fiche suit une démarche. Un visuel peut être utile si les élèves ont besoin de voir l’ordre, les dépendances ou les points de décision ; à confirmer par l’usage en TP."
R-B3-023;Construire un tableau de bord social simple et utile au dirigeant;visuel ajouté v3.6;complement;dashboard;Se représenter un tableau de bord social comme peu d’indicateurs reliés à une question de pilotage.;question → indicateurs → cible/évolution → alerte → action;Le visuel réduit l’effort nécessaire pour reconstruire mentalement une structure, un enchaînement, une relation ou une décision.
R-B3-024;Analyser des indicateurs sociaux et préparer des propositions;surveiller;aucun ajout v3.6;processus;Hausse d’absentéisme, turnover, difficulté de recrutement, faible participation aux formations ou autre signal social.;Une note courte : constat chiffré, vérifications, hypothèses, informations complémentaires, risques et propositions à soumettre à la direction.;"La fiche suit une démarche. Un visuel peut être utile si les élèves ont besoin de voir l’ordre, les dépendances ou les points de décision ; à confirmer par l’usage en TP."
R-B3-025;Repérer une tension relationnelle et préparer un entretien de régulation;surveiller;aucun ajout v3.6;processus;Signaux de conflit, échanges dégradés, coordination difficile, plaintes croisées ou risque de rupture de coopération.;Une fiche de situation factuelle, les parties et enjeux identifiés, un objectif d’entretien, des questions de clarification et des options de régulation à soumettre au dirigeant.;"La fiche suit une démarche. Un visuel peut être utile si les élèves ont besoin de voir l’ordre, les dépendances ou les points de décision ; à confirmer par l’usage en TP."
R-B3-026;Organiser un travail collaboratif avec des règles simples et vérifiables;surveiller;aucun ajout v3.6;processus;Mise en place d’un espace partagé, traitement collectif d’un dossier, projet transversal ou amélioration de la circulation d’information.;Une procédure collaborative légère : espace, arborescence, rôles, règles de nommage, droits, version, délais, validation, réunions et suivi des actions.;"La fiche suit une démarche. Un visuel peut être utile si les élèves ont besoin de voir l’ordre, les dépendances ou les points de décision ; à confirmer par l’usage en TP."
R-B3-027;Préparer une réunion de représentation du personnel ou de dialogue social;surveiller;aucun ajout v3.6;processus;Réunion du CSE, échange préparatoire à une négociation, consultation ou suivi d’un sujet social nécessitant des informations fiables.;Un dossier de réunion structuré : objet, participants, calendrier, documents, points à traiter, questions en attente et traçabilité des suites.;"La fiche suit une démarche. Un visuel peut être utile si les élèves ont besoin de voir l’ordre, les dépendances ou les points de décision ; à confirmer par l’usage en TP."
R-B3-028;Calculer et comparer le coût prévisionnel d’un recrutement ou d’une formation;surveiller;aucun ajout v3.6;calcul-tableau;Comparaison de canaux de recrutement, prestataires, actions de formation ou scénarios d’organisation.;Un tableau chiffré avec hypothèses, coûts directs, temps internes valorisés si demandé, aides/prises en charge identifiées séparément et coût net prévisionnel.;Un schéma ou une formule peut aider, mais seulement s’il clarifie le mécanisme sans remplacer les calculs et contrôles.
R-B4-001;Caractériser le système d’information d’une PME;visuel ajouté v3.6;central;carte-systeme;Comprendre un système d’information comme un ensemble d’acteurs, données, outils, règles et flux.;acteurs ↔ données ↔ outils ↔ règles/processus ↔ décisions;Le visuel réduit l’effort nécessaire pour reconstruire mentalement une structure, un enchaînement, une relation ou une décision.
R-B4-002;Cartographier un flux d’information ou un processus;visuel ajouté v3.6;central;flux;Se représenter un processus comme un flux entre acteurs avec entrées, transformations, contrôles et sorties.;entrée → acteur/action → donnée/outil → contrôle/décision → sortie;Le visuel réduit l’effort nécessaire pour reconstruire mentalement une structure, un enchaînement, une relation ou une décision.
R-B4-003;Définir un besoin d’information et contrôler les données collectées;surveiller;aucun ajout v3.6;processus;Préparation d’une analyse, d’un reporting, d’une enquête ou d’un tableau de bord nécessitant plusieurs sources d’information.;Une fiche de besoin d’information précisant usage, données nécessaires, source, responsable, fréquence, contrôle et format attendu.;"La fiche suit une démarche. Un visuel peut être utile si les élèves ont besoin de voir l’ordre, les dépendances ou les points de décision ; à confirmer par l’usage en TP."
R-B4-004;Structurer des données et fiabiliser leur saisie;conserver;aucun ajout v3.6;texte-structure;Fichier clients/fournisseurs, suivi d’interventions, inscriptions, enquêtes ou extractions à préparer pour analyse.;Un jeu de données structuré avec champs définis, règles de saisie, contrôles, identifiant stable et procédure de correction.;"Aucun gain visuel évident identifié à ce stade ; la structure actuelle paraît plus directe que l’ajout d’un schéma."
R-B4-005;Construire un plan de classement et d’archivage des documents;conserver;aucun ajout v3.6;texte-structure;Réorganisation d’un dossier partagé ou d’une GED, création d’un plan d’archivage, traitement de documents dispersés ou mal nommés.;Un plan de classement avec règles de nommage, droits, version, statut, durée de conservation, sort final et responsable.;"Aucun gain visuel évident identifié à ce stade ; la structure actuelle paraît plus directe que l’ajout d’un schéma."
R-B4-006;Diagnostiquer une anomalie du SI et préparer une demande à l’ESN;surveiller;aucun ajout v3.6;processus;Erreur récurrente, donnée inaccessible, lenteur, problème de droits, synchronisation ou évolution fonctionnelle demandée par les utilisateurs.;Un ticket ou cahier de besoin structuré : contexte, utilisateurs concernés, résultat attendu, anomalie reproduite, preuves, urgence et contraintes.;"La fiche suit une démarche. Un visuel peut être utile si les élèves ont besoin de voir l’ordre, les dépendances ou les points de décision ; à confirmer par l’usage en TP."
R-B4-007;Analyser et améliorer un processus support;visuel ajouté v3.6;central;avant-apres;Comprendre l’amélioration d’un processus comme la réduction d’un écart démontré.;processus actuel → point de rupture → cause → processus cible → indicateur de contrôle;Le visuel réduit l’effort nécessaire pour reconstruire mentalement une structure, un enchaînement, une relation ou une décision.
R-B4-008;Organiser et suivre le travail administratif;surveiller;aucun ajout v3.6;processus;Période chargée, dossiers parallèles, absences, nouvelle organisation ou manque de visibilité sur les échéances.;Un dispositif simple de pilotage : tâches, priorité, responsable, échéance, charge estimée, statut, dépendances et points de contrôle.;"La fiche suit une démarche. Un visuel peut être utile si les élèves ont besoin de voir l’ordre, les dépendances ou les points de décision ; à confirmer par l’usage en TP."
R-B4-009;Planifier des activités, interventions ou prestations;visuel ajouté v3.6;central;gantt;Voir une planification comme des tâches distribuées dans le temps avec contraintes et marges.;liste des tâches → contraintes → ordre → créneaux → contrôle des conflits;Le visuel réduit l’effort nécessaire pour reconstruire mentalement une structure, un enchaînement, une relation ou une décision.
R-B4-010;Gérer les priorités, la charge et un agenda partagé;visuel ajouté v3.6;complement;matrice-priorites;Distinguer priorité, urgence et charge avant de remplir l’agenda.;importance × urgence + durée/contraintes → arbitrage → agenda réaliste;Le visuel réduit l’effort nécessaire pour reconstruire mentalement une structure, un enchaînement, une relation ou une décision.
R-B4-011;Organiser un déplacement professionnel de bout en bout;surveiller;aucun ajout v3.6;processus;Rendez-vous client, salon, formation, réunion externe ou déplacement multi-étapes en France ou à l’étranger.;Un dossier de déplacement avec itinéraire, réservations, budget, contacts, documents, contraintes, alternatives et éléments de remboursement.;"La fiche suit une démarche. Un visuel peut être utile si les élèves ont besoin de voir l’ordre, les dépendances ou les points de décision ; à confirmer par l’usage en TP."
R-B4-012;Organiser un événement interne ou une participation à un salon;surveiller;aucun ajout v3.6;processus;Séminaire interne, inauguration, journée clients, salon professionnel, portes ouvertes ou participation à un événement externe.;Un plan d’organisation : objectifs, public, budget, rétroplanning, rôles, prestataires, logistique, communication, risques et bilan.;"La fiche suit une démarche. Un visuel peut être utile si les élèves ont besoin de voir l’ordre, les dépendances ou les points de décision ; à confirmer par l’usage en TP."
R-B4-013;Sélectionner et coordonner des prestataires pour une activité;conserver;aucun ajout v3.6;texte-structure;Organisation d’un déplacement, événement, salon ou prestation support nécessitant plusieurs offres.;Une comparaison argumentée, une commande ou confirmation conforme, les contacts utiles et un suivi des engagements du prestataire.;"Aucun gain visuel évident identifié à ce stade ; la structure actuelle paraît plus directe que l’ajout d’un schéma."
R-B4-014;Mettre en place une veille commerciale orientée décision;surveiller;aucun ajout v3.6;processus;Projet de développement commercial, lancement d’offre, évolution de la demande ou suivi régulier d’un marché.;Un dispositif de veille avec questions, sources, fréquence, critères de qualification, synthèse et signaux déclenchant une alerte.;"La fiche suit une démarche. Un visuel peut être utile si les élèves ont besoin de voir l’ordre, les dépendances ou les points de décision ; à confirmer par l’usage en TP."
R-B4-015;Analyser un marché et distinguer une tendance d’un signal isolé;surveiller;aucun ajout v3.6;processus;Étude d’un segment, évolution de la demande, concurrence, prix, comportements clients ou opportunité de diversification.;Un diagnostic de marché sourcé : taille/évolution, segments, clients, concurrence, facteurs d’évolution, opportunités, menaces et limites des données.;"La fiche suit une démarche. Un visuel peut être utile si les élèves ont besoin de voir l’ordre, les dépendances ou les points de décision ; à confirmer par l’usage en TP."
R-B4-016;Construire et exploiter une enquête de satisfaction client;conserver;aucun ajout v3.6;texte-structure;Bilan qualité client, action de fidélisation, évolution d’une offre ou analyse d’un point de contact.;Un questionnaire ciblé, un plan de diffusion, un fichier exploitable, des résultats synthétiques et des pistes d’action.;"Aucun gain visuel évident identifié à ce stade ; la structure actuelle paraît plus directe que l’ajout d’un schéma."
R-B4-017;Transformer une analyse de marché en proposition de développement commercial;conserver;aucun ajout v3.6;texte-structure;Nouveau segment, nouveau canal, extension géographique, adaptation de l’offre ou action commerciale ciblée.;Une recommandation structurée : opportunité, cible, proposition de valeur, actions, ressources, risques, indicateurs et scénario de test.;"Aucun gain visuel évident identifié à ce stade ; la structure actuelle paraît plus directe que l’ajout d’un schéma."
R-B4-018;Concevoir, suivre et évaluer une action de fidélisation;surveiller;aucun ajout v3.6;processus;Clients inactifs, baisse de réachat, satisfaction à consolider, lancement d’un service relationnel ou animation d’un portefeuille.;Une action de fidélisation ciblée avec population, objectif, message/offre, calendrier, budget, indicateurs et bilan.;"La fiche suit une démarche. Un visuel peut être utile si les élèves ont besoin de voir l’ordre, les dépendances ou les points de décision ; à confirmer par l’usage en TP."
R-B4-019;Préparer le cahier des charges d’une action de communication;surveiller;aucun ajout v3.6;processus;Création d’un support, campagne, refonte d’une page, événement, dossier de presse ou action commerciale.;Un brief ou cahier des charges avec contexte, objectif, cible, message, livrables, canaux, contraintes, budget, planning, validation et indicateurs.;"La fiche suit une démarche. Un visuel peut être utile si les élèves ont besoin de voir l’ordre, les dépendances ou les points de décision ; à confirmer par l’usage en TP."
R-B4-020;Concevoir un support de communication institutionnelle;conserver;aucun ajout v3.6;texte-gabarit;Présentation entreprise, dossier de partenariat, communiqué, dossier de presse, page institutionnelle ou support événementiel.;Un support professionnel adapté au destinataire, hiérarchisé, sourcé, cohérent avec l’identité et prêt à validation.;"La représentation utile est surtout la forme du livrable ; les gabarits et exemples de production existants apportent plus qu’un schéma supplémentaire."
R-B4-021;Concevoir une action de communication commerciale cohérente;conserver;aucun ajout v3.6;texte-structure;Lancement d’offre, promotion, campagne de prospection, invitation commerciale ou animation d’un segment client.;Un plan d’action de communication commerciale avec cible, message, preuve, canal, budget, calendrier, responsable et indicateurs.;"Aucun gain visuel évident identifié à ce stade ; la structure actuelle paraît plus directe que l’ajout d’un schéma."
R-B4-022;Suivre l’identité numérique et l’e-réputation de la PME;surveiller;aucun ajout v3.6;processus;Suivi de réseaux sociaux, avis clients, résultats de recherche, mentions de la marque, profils d’établissement ou incident d’image.;Un tableau de suivi des présences et mentions avec source, date, portée, tonalité, risque/opportunité, action et responsable.;"La fiche suit une démarche. Un visuel peut être utile si les élèves ont besoin de voir l’ordre, les dépendances ou les points de décision ; à confirmer par l’usage en TP."
R-B4-023;Contrôler la cohérence d’un support avec l’image et la charte de la PME;surveiller;aucun ajout v3.6;processus;Affiche, présentation, publication sociale, courriel de campagne, brochure, page web ou document prestataire.;Une grille de contrôle avec écarts repérés, corrections demandées, validation et version finale identifiée.;"La fiche suit une démarche. Un visuel peut être utile si les élèves ont besoin de voir l’ordre, les dépendances ou les points de décision ; à confirmer par l’usage en TP."
R-B4-024;Mesurer l’efficacité d’une action de communication;conserver;aucun ajout v3.6;texte-structure;Après une campagne, un événement, une publication, une action presse ou commerciale.;Un bilan reliant objectifs, indicateurs, résultats, coûts, écarts, enseignements et recommandations.;"Aucun gain visuel évident identifié à ce stade ; la structure actuelle paraît plus directe que l’ajout d’un schéma."
R-B4-025;Calculer et analyser un coût complet avec la méthode fournie;visuel ajouté v3.6;complement;empilement;Se représenter le coût complet comme l’addition progressive des charges affectées au bon objet de coût.;charges directes + charges indirectes réparties → coût complet → comparaison;Le visuel réduit l’effort nécessaire pour reconstruire mentalement une structure, un enchaînement, une relation ou une décision.
R-B4-026;Calculer une marge sur coût variable ou un coût partiel;visuel ajouté v3.6;complement;formule;Voir la logique économique entre chiffre d’affaires, charges variables, marge et charges fixes.;"CA − charges variables = MCV ; MCV couvre charges fixes puis résultat";Le visuel réduit l’effort nécessaire pour reconstruire mentalement une structure, un enchaînement, une relation ou une décision.
R-B4-027;Calculer et interpréter un seuil de rentabilité;visuel ajouté v3.6;central;graphique;Comprendre le seuil de rentabilité comme un point d’équilibre entre revenus et coûts.;activité augmente → CA et coûts évoluent → intersection = seuil → avant/après;Le visuel réduit l’effort nécessaire pour reconstruire mentalement une structure, un enchaînement, une relation ou une décision.
R-B4-028;Construire un budget prévisionnel exploitable;visuel ajouté v3.6;complement;processus;Se représenter un budget comme la traduction chiffrée d’hypothèses cohérentes dans le temps.;hypothèses → volumes/prix → charges → périodes → contrôle cohérence → scénarios;Le visuel réduit l’effort nécessaire pour reconstruire mentalement une structure, un enchaînement, une relation ou une décision.
R-B4-029;Analyser les écarts et simuler l’impact d’une décision de gestion;visuel ajouté v3.6;central;pont;Comprendre un écart comme la différence entre une référence et un réalisé, puis remonter à ses facteurs.;prévu → écart mesuré → facteurs volume/prix/coût/temps → conséquence → décision;Le visuel réduit l’effort nécessaire pour reconstruire mentalement une structure, un enchaînement, une relation ou une décision.
R-B4-030;Construire un bilan fonctionnel à partir des données fournies;visuel ajouté v3.6;complement;structure;Se représenter le bilan fonctionnel comme des emplois et ressources regroupés par fonction.;emplois stables / actif circulant / trésorerie ↔ ressources stables / passif circulant / trésorerie;Le visuel réduit l’effort nécessaire pour reconstruire mentalement une structure, un enchaînement, une relation ou une décision.
R-B4-031;Calculer et interpréter FRNG, BFR et trésorerie nette;visuel ajouté v3.6;central;equilibre;Comprendre la relation structurelle entre FRNG, BFR et trésorerie nette.;"ressources durables → FRNG ; cycle exploitation → BFR ; différence → TN";Le visuel réduit l’effort nécessaire pour reconstruire mentalement une structure, un enchaînement, une relation ou une décision.
R-B4-032;Calculer et interpréter des ratios financiers pertinents;surveiller;aucun ajout v3.6;calcul-tableau;Comparaison dans le temps, avec un secteur ou entre hypothèses, en complément des équilibres financiers.;Un tableau de ratios avec formule, valeur, comparaison, évolution et commentaire centré sur les facteurs explicatifs.;Un schéma ou une formule peut aider, mais seulement s’il clarifie le mécanisme sans remplacer les calculs et contrôles.
R-B4-033;Comparer des modes de financement d’un investissement;visuel ajouté v3.6;complement;comparaison;Comparer les financements comme des combinaisons de coût, trésorerie, risque, durée et contraintes.;besoin → critères → options comparables → impacts → recommandation;Le visuel réduit l’effort nécessaire pour reconstruire mentalement une structure, un enchaînement, une relation ou une décision.
R-B4-034;Construire un plan de financement et mesurer l’impact d’une décision;surveiller;aucun ajout v3.6;calcul-tableau;Investissement, croissance, renouvellement d’équipement ou autre décision nécessitant emplois et ressources durables.;Un plan de financement équilibré, avec besoins, ressources, solde, hypothèses et commentaire sur les marges de sécurité.;Un schéma ou une formule peut aider, mais seulement s’il clarifie le mécanisme sans remplacer les calculs et contrôles.
R-B4-035;Choisir des indicateurs de gestion et des seuils d’alerte;conserver;aucun ajout v3.6;texte-structure;Création ou refonte d’un tableau de bord commercial, financier ou mixte.;Une fiche par indicateur : question de pilotage, définition, formule, source, fréquence, responsable, objectif/seuil et action en cas d’écart.;"Aucun gain visuel évident identifié à ce stade ; la structure actuelle paraît plus directe que l’ajout d’un schéma."
R-B4-036;Construire un tableau de bord commercial et financier lisible;visuel ajouté v3.6;central;dashboard;Se représenter un tableau de bord comme une réponse visuelle à quelques questions de pilotage.;question → KPI → cible → tendance → alerte → action;Le visuel réduit l’effort nécessaire pour reconstruire mentalement une structure, un enchaînement, une relation ou une décision.
R-B4-037;Analyser un tableau de bord et préparer une alerte au dirigeant;surveiller;aucun ajout v3.6;processus;Revue périodique du tableau de bord, dérive commerciale, financière ou opérationnelle.;Une note ou synthèse courte : faits, ampleur, tendance, facteurs explicatifs, conséquences possibles, urgence et options.;"La fiche suit une démarche. Un visuel peut être utile si les élèves ont besoin de voir l’ordre, les dépendances ou les points de décision ; à confirmer par l’usage en TP."
R-B4-038;Résoudre un problème administratif sans traiter seulement le symptôme;visuel ajouté v3.6;central;resolution;Comprendre qu’on résout un problème en remontant du symptôme à une cause vérifiée puis en contrôlant l’action.;écart → processus réel → causes possibles → preuves → cause → action → contrôle;Le visuel réduit l’effort nécessaire pour reconstruire mentalement une structure, un enchaînement, une relation ou une décision.
R-B4-039;Décliner la stratégie de communication en plan d’actions opérationnel;conserver;aucun ajout v3.6;texte-structure;Lancement d’une offre, événement, communication institutionnelle, campagne locale, développement de la visibilité ou coordination de plusieurs canaux.;Un plan d’actions précisant objectif, cible, message, canal, support, responsable, calendrier, budget, validation et indicateur.;"Aucun gain visuel évident identifié à ce stade ; la structure actuelle paraît plus directe que l’ajout d’un schéma."
R-B4-040;Simuler l’impact d’une décision de gestion sur les coûts, le résultat et les équilibres financiers;surveiller;aucun ajout v3.6;calcul-tableau;Investissement, hausse de volume, embauche, changement de prix, nouveau contrat, modification de charges ou autre décision fournie par la direction.;Un tableau de scénarios montrant hypothèses, variation des coûts/produits, résultat, trésorerie ou équilibres financiers concernés et limites du calcul.;Un schéma ou une formule peut aider, mais seulement s’il clarifie le mécanisme sans remplacer les calculs et contrôles.
R-TR-001;Analyser une situation de communication avant de répondre;surveiller;aucun ajout v3.6;processus;Dès qu’il faut choisir un ton, un argument, un canal ou une posture selon un interlocuteur et un objectif professionnel.;Une préparation courte identifiant acteurs, objectif, enjeux, contraintes, informations disponibles, canal et stratégie de réponse.;"La fiche suit une démarche. Un visuel peut être utile si les élèves ont besoin de voir l’ordre, les dépendances ou les points de décision ; à confirmer par l’usage en TP."
R-TR-002;Rédiger un courriel professionnel qui permet d’agir;conserver;aucun ajout v3.6;texte-gabarit;Courriel à un client, fournisseur, salarié, prestataire, administration ou responsable.;Un message court avec objet utile, contexte suffisant, demande explicite, échéance, pièces identifiées et ton adapté.;"La représentation utile est surtout la forme du livrable ; les gabarits et exemples de production existants apportent plus qu’un schéma supplémentaire."
R-TR-003;Rédiger une note professionnelle pour aider le dirigeant à décider;conserver;aucun ajout v3.6;texte-gabarit;Alerte, comparaison, diagnostic, risque, choix fournisseur, décision RH, analyse commerciale ou financière.;Une note courte distinguant objet, faits essentiels, analyse, options, recommandation argumentée et décision attendue.;"La représentation utile est surtout la forme du livrable ; les gabarits et exemples de production existants apportent plus qu’un schéma supplémentaire."
R-TR-004;Produire un compte rendu de réunion ou d’entretien qui permet le suivi;conserver;aucun ajout v3.6;texte-gabarit;Réunion projet, entretien fournisseur, réunion interne, point RH, échange avec un prestataire ou entretien de suivi.;Un compte rendu fidèle avec décisions, actions, responsables, dates, points en attente et documents de référence.;"La représentation utile est surtout la forme du livrable ; les gabarits et exemples de production existants apportent plus qu’un schéma supplémentaire."
R-TR-005;Concevoir un formulaire ou document structuré qui produit des données exploitables;conserver;aucun ajout v3.6;texte-structure;Fiche de réclamation, demande d’achat, formulaire d’absence, relevé d’incident, fiche d’évaluation, inscription ou collecte interne.;Un document avec champs utiles, formats contrôlables, instructions courtes, identifiants et circuit de validation.;"Aucun gain visuel évident identifié à ce stade ; la structure actuelle paraît plus directe que l’ajout d’un schéma."
R-TR-006;Choisir le bon canal de communication numérique et maîtriser la trace laissée;conserver;aucun ajout v3.6;texte-structure;Lorsque plusieurs canaux sont possibles ou que l’information est sensible, durable, urgente ou destinée à plusieurs acteurs.;Un choix de canal justifié avec destinataires, niveau de confidentialité, besoin de trace, règles de partage et archivage.;"Aucun gain visuel évident identifié à ce stade ; la structure actuelle paraît plus directe que l’ajout d’un schéma."
R-TR-007;Préparer et conduire un entretien professionnel court;surveiller;aucun ajout v3.6;processus;Entretien avec un client, fournisseur, salarié, prestataire ou responsable, hors situations nécessitant une expertise spécifique.;Un entretien cadré avec objectif, questions préparées, reformulation, conclusion et traces utiles.;"La fiche suit une démarche. Un visuel peut être utile si les élèves ont besoin de voir l’ordre, les dépendances ou les points de décision ; à confirmer par l’usage en TP."
R-TR-008;Préparer et animer une réunion qui aboutit à des décisions et des actions;surveiller;aucun ajout v3.6;processus;Réunion projet, qualité, organisation, fournisseurs, RH ou suivi d’actions.;Une réunion avec objectif, ordre du jour minuté, documents utiles, décisions tracées et actions attribuées.;"La fiche suit une démarche. Un visuel peut être utile si les élèves ont besoin de voir l’ordre, les dépendances ou les points de décision ; à confirmer par l’usage en TP."
R-TR-009;Repérer une tension et préparer une intervention sans se substituer au décideur;surveiller;aucun ajout v3.6;processus;Tension entre collègues, désaccord récurrent, conflit avec un interlocuteur ou situation relationnelle qui dégrade la coordination.;Une fiche factuelle distinguant événements, impacts, acteurs, tentatives déjà réalisées, points à vérifier et options de traitement.;"La fiche suit une démarche. Un visuel peut être utile si les élèves ont besoin de voir l’ordre, les dépendances ou les points de décision ; à confirmer par l’usage en TP."
R-TR-010;Préparer un dialogue ou une négociation dans le cadre fixé par la direction;surveiller;aucun ajout v3.6;processus;Négociation fournisseur, échange social, discussion avec un prestataire ou autre situation où les intérêts ne sont pas totalement identiques.;Une fiche de préparation avec objectif, intérêts, critères, informations, solution idéale, minimum acceptable, points non négociables et zones à valider.;"La fiche suit une démarche. Un visuel peut être utile si les élèves ont besoin de voir l’ordre, les dépendances ou les points de décision ; à confirmer par l’usage en TP."
R-TR-011;Construire un tableau de données fiable avant de calculer ou filtrer;visuel ajouté v3.6;complement;structure-tableau;Se représenter un tableau fiable comme une structure régulière : une ligne = une unité, une colonne = une donnée.;"unité d’observation → lignes ; variables → colonnes ; formats homogènes → contrôle";Le visuel réduit l’effort nécessaire pour reconstruire mentalement une structure, un enchaînement, une relation ou une décision.
R-TR-012;Extraire, nettoyer et contrôler des données du PGI avant analyse;surveiller;aucun ajout v3.6;processus;Balance, commandes, clients, fournisseurs, salariés, stocks, écritures, ventes ou toute extraction autorisée.;Un fichier de travail daté avec source, périmètre, contrôles, transformations documentées et nombre d’enregistrements cohérent.;"La fiche suit une démarche. Un visuel peut être utile si les élèves ont besoin de voir l’ordre, les dépendances ou les points de décision ; à confirmer par l’usage en TP."
R-TR-013;Choisir entre filtre, recherche, validation et tableau croisé dynamique dans le tableur;conserver;aucun ajout v3.6;texte-structure;Analyse clients/fournisseurs, risques, RH, coûts, ventes, stocks ou indicateurs.;Un traitement reproductible avec l’outil le plus simple répondant à la question, sans programmation inutile.;"Aucun gain visuel évident identifié à ce stade ; la structure actuelle paraît plus directe que l’ajout d’un schéma."
R-TR-014;Présenter une analyse chiffrée sans noyer le destinataire sous les données;visuel ajouté v3.6;central;storyline;Comprendre qu’une analyse chiffrée doit conduire du chiffre à une conclusion puis à une action.;question → 1-3 chiffres → référence → écart → explication → message/action;Le visuel réduit l’effort nécessaire pour reconstruire mentalement une structure, un enchaînement, une relation ou une décision.
R-TR-015;Chaîne de valeur de Porter — cartographier les activités avant d’identifier les risques;visuel ajouté v3.6;central;schema-conceptuel;Comprendre que Porter est une grille de représentation adaptable et non une liste de fonctions à recopier.;réalité de l’organisation → rôle des activités → organisation principales/soutien;Le visuel réduit l’effort nécessaire pour reconstruire mentalement une structure, un enchaînement, une relation ou une décision.
R-TR-016;Présentation de l’entreprise — construire une fiche synthétique utile à la mission;visuel ajouté v3.6;central;canvas;Se représenter l’entreprise comme un système cohérent utile à la mission, pas comme une liste administrative.;proposition de valeur au centre, puis clients, organisation, ressources, partenaires et contexte;Le visuel réduit l’effort nécessaire pour reconstruire mentalement une structure, un enchaînement, une relation ou une décision.
